"Dataset","#trainingReleases","%training","%defectiveTraining","%defectiveTesting","classifier","balancing","featureSelection","sensitivity","TP","FP","TN","FN","precision","recall","AUC","kappa"
"BOOKKEEPER","1","44.47","0.0","21.27","Random Forest","No sampling","Best First","Sensitive threshold","1.0","1.0","0.0","0.0","0.786364","1.0","0.5","0.0"
"BOOKKEEPER","1","44.47","0.0","21.27","Random Forest","No sampling","Best First","Sensitive learning","1.0","1.0","0.0","0.0","0.786364","1.0","0.5","0.0"
"BOOKKEEPER","1","44.47","0.0","21.27","Random Forest","No sampling","Best First","No cost sensitive","1.0","1.0","0.0","0.0","0.786364","1.0","0.5","0.0"
"BOOKKEEPER","1","44.47","0.0","21.27","Random Forest","No sampling","No selection","Sensitive threshold","1.0","1.0","0.0","0.0","0.786364","1.0","0.5","0.0"
"BOOKKEEPER","1","44.47","0.0","21.27","Random Forest","No sampling","No selection","Sensitive learning","1.0","1.0","0.0","0.0","0.786364","1.0","0.5","0.0"
"BOOKKEEPER","1","44.47","0.0","21.27","Random Forest","No sampling","No selection","No cost sensitive","1.0","1.0","0.0","0.0","0.786364","1.0","0.5","0.0"
"BOOKKEEPER","1","44.47","0.0","21.27","Random Forest","Undersampling","Best First","Sensitive threshold","1.0","1.0","0.0","0.0","0.786364","1.0","0.5","0.0"
"BOOKKEEPER","1","44.47","0.0","21.27","Random Forest","Undersampling","Best First","Sensitive learning","1.0","1.0","0.0","0.0","0.786364","1.0","0.5","0.0"
"BOOKKEEPER","1","44.47","0.0","21.27","Random Forest","Undersampling","Best First","No cost sensitive","1.0","1.0","0.0","0.0","0.786364","1.0","0.5","0.0"
"BOOKKEEPER","1","44.47","0.0","21.27","Random Forest","Undersampling","No selection","Sensitive threshold","1.0","1.0","0.0","0.0","0.786364","1.0","0.5","0.0"
"BOOKKEEPER","1","44.47","0.0","21.27","Random Forest","Undersampling","No selection","Sensitive learning","1.0","1.0","0.0","0.0","0.786364","1.0","0.5","0.0"
"BOOKKEEPER","1","44.47","0.0","21.27","Random Forest","Undersampling","No selection","No cost sensitive","1.0","1.0","0.0","0.0","0.786364","1.0","0.5","0.0"
"BOOKKEEPER","1","44.47","0.0","21.27","Random Forest","Oversampling","Best First","Sensitive threshold","1.0","1.0","0.0","0.0","0.786364","1.0","0.5","0.0"
"BOOKKEEPER","1","44.47","0.0","21.27","Random Forest","Oversampling","Best First","Sensitive learning","1.0","1.0","0.0","0.0","0.786364","1.0","0.5","0.0"
"BOOKKEEPER","1","44.47","0.0","21.27","Random Forest","Oversampling","Best First","No cost sensitive","1.0","1.0","0.0","0.0","0.786364","1.0","0.5","0.0"
"BOOKKEEPER","1","44.47","0.0","21.27","Random Forest","Oversampling","No selection","Sensitive threshold","1.0","1.0","0.0","0.0","0.786364","1.0","0.5","0.0"
"BOOKKEEPER","1","44.47","0.0","21.27","Random Forest","Oversampling","No selection","Sensitive learning","1.0","1.0","0.0","0.0","0.786364","1.0","0.5","0.0"
"BOOKKEEPER","1","44.47","0.0","21.27","Random Forest","Oversampling","No selection","No cost sensitive","1.0","1.0","0.0","0.0","0.786364","1.0","0.5","0.0"
"BOOKKEEPER","1","44.47","0.0","21.27","Naive Bayes","No sampling","Best First","Sensitive threshold","0.99422","1.0","0.0","0.00578","0.785388","0.99422","0.49711","-0.008981"
"BOOKKEEPER","1","44.47","0.0","21.27","Naive Bayes","No sampling","Best First","Sensitive learning","0.99422","1.0","0.0","0.00578","0.785388","0.99422","0.421965","-0.008981"
"BOOKKEEPER","1","44.47","0.0","21.27","Naive Bayes","No sampling","Best First","No cost sensitive","1.0","1.0","0.0","0.0","0.786364","1.0","0.317427","0.0"
"BOOKKEEPER","1","44.47","0.0","21.27","Naive Bayes","No sampling","No selection","Sensitive threshold","0.99422","1.0","0.0","0.00578","0.785388","0.99422","0.49711","-0.008981"
"BOOKKEEPER","1","44.47","0.0","21.27","Naive Bayes","No sampling","No selection","Sensitive learning","0.99422","1.0","0.0","0.00578","0.785388","0.99422","0.421965","-0.008981"
"BOOKKEEPER","1","44.47","0.0","21.27","Naive Bayes","No sampling","No selection","No cost sensitive","0.99422","1.0","0.0","0.00578","0.785388","0.99422","0.421965","-0.008981"
"BOOKKEEPER","1","44.47","0.0","21.27","Naive Bayes","Undersampling","Best First","Sensitive threshold","0.99422","1.0","0.0","0.00578","0.785388","0.99422","0.49711","-0.008981"
"BOOKKEEPER","1","44.47","0.0","21.27","Naive Bayes","Undersampling","Best First","Sensitive learning","0.99422","1.0","0.0","0.00578","0.785388","0.99422","0.421965","-0.008981"
"BOOKKEEPER","1","44.47","0.0","21.27","Naive Bayes","Undersampling","Best First","No cost sensitive","1.0","1.0","0.0","0.0","0.786364","1.0","0.317427","0.0"
"BOOKKEEPER","1","44.47","0.0","21.27","Naive Bayes","Undersampling","No selection","Sensitive threshold","0.99422","1.0","0.0","0.00578","0.785388","0.99422","0.49711","-0.008981"
"BOOKKEEPER","1","44.47","0.0","21.27","Naive Bayes","Undersampling","No selection","Sensitive learning","0.99422","1.0","0.0","0.00578","0.785388","0.99422","0.421965","-0.008981"
"BOOKKEEPER","1","44.47","0.0","21.27","Naive Bayes","Undersampling","No selection","No cost sensitive","0.99422","1.0","0.0","0.00578","0.785388","0.99422","0.421965","-0.008981"
"BOOKKEEPER","1","44.47","0.0","21.27","Naive Bayes","Oversampling","Best First","Sensitive threshold","1.0","1.0","0.0","0.0","0.786364","1.0","0.5","0.0"
"BOOKKEEPER","1","44.47","0.0","21.27","Naive Bayes","Oversampling","Best First","Sensitive learning","1.0","1.0","0.0","0.0","0.786364","1.0","0.5","0.0"
"BOOKKEEPER","1","44.47","0.0","21.27","Naive Bayes","Oversampling","Best First","No cost sensitive","1.0","1.0","0.0","0.0","0.786364","1.0","0.283606","0.0"
"BOOKKEEPER","1","44.47","0.0","21.27","Naive Bayes","Oversampling","No selection","Sensitive threshold","1.0","1.0","0.0","0.0","0.786364","1.0","0.5","0.0"
"BOOKKEEPER","1","44.47","0.0","21.27","Naive Bayes","Oversampling","No selection","Sensitive learning","1.0","1.0","0.0","0.0","0.786364","1.0","0.5","0.0"
"BOOKKEEPER","1","44.47","0.0","21.27","Naive Bayes","Oversampling","No selection","No cost sensitive","0.99422","1.0","0.0","0.00578","0.785388","0.99422","0.421965","-0.008981"
"BOOKKEEPER","1","44.47","0.0","21.27","IBk","No sampling","Best First","Sensitive threshold","1.0","1.0","0.0","0.0","0.786364","1.0","0.5","0.0"
"BOOKKEEPER","1","44.47","0.0","21.27","IBk","No sampling","Best First","Sensitive learning","1.0","1.0","0.0","0.0","0.786364","1.0","0.557803","0.0"
"BOOKKEEPER","1","44.47","0.0","21.27","IBk","No sampling","Best First","No cost sensitive","1.0","1.0","0.0","0.0","0.786364","1.0","0.658714","0.0"
"BOOKKEEPER","1","44.47","0.0","21.27","IBk","No sampling","No selection","Sensitive threshold","1.0","1.0","0.0","0.0","0.786364","1.0","0.5","0.0"
"BOOKKEEPER","1","44.47","0.0","21.27","IBk","No sampling","No selection","Sensitive learning","1.0","1.0","0.0","0.0","0.786364","1.0","0.557803","0.0"
"BOOKKEEPER","1","44.47","0.0","21.27","IBk","No sampling","No selection","No cost sensitive","1.0","1.0","0.0","0.0","0.786364","1.0","0.557803","0.0"
"BOOKKEEPER","1","44.47","0.0","21.27","IBk","Undersampling","Best First","Sensitive threshold","1.0","1.0","0.0","0.0","0.786364","1.0","0.5","0.0"
"BOOKKEEPER","1","44.47","0.0","21.27","IBk","Undersampling","Best First","Sensitive learning","1.0","1.0","0.0","0.0","0.786364","1.0","0.557803","0.0"
"BOOKKEEPER","1","44.47","0.0","21.27","IBk","Undersampling","Best First","No cost sensitive","1.0","1.0","0.0","0.0","0.786364","1.0","0.658714","0.0"
"BOOKKEEPER","1","44.47","0.0","21.27","IBk","Undersampling","No selection","Sensitive threshold","1.0","1.0","0.0","0.0","0.786364","1.0","0.5","0.0"
"BOOKKEEPER","1","44.47","0.0","21.27","IBk","Undersampling","No selection","Sensitive learning","1.0","1.0","0.0","0.0","0.786364","1.0","0.557803","0.0"
"BOOKKEEPER","1","44.47","0.0","21.27","IBk","Undersampling","No selection","No cost sensitive","1.0","1.0","0.0","0.0","0.786364","1.0","0.557803","0.0"
"BOOKKEEPER","1","44.47","0.0","21.27","IBk","Oversampling","Best First","Sensitive threshold","1.0","1.0","0.0","0.0","0.786364","1.0","0.5","0.0"
"BOOKKEEPER","1","44.47","0.0","21.27","IBk","Oversampling","Best First","Sensitive learning","1.0","1.0","0.0","0.0","0.786364","1.0","0.571701","0.0"
"BOOKKEEPER","1","44.47","0.0","21.27","IBk","Oversampling","Best First","No cost sensitive","1.0","1.0","0.0","0.0","0.786364","1.0","0.631165","0.0"
"BOOKKEEPER","1","44.47","0.0","21.27","IBk","Oversampling","No selection","Sensitive threshold","1.0","1.0","0.0","0.0","0.786364","1.0","0.5","0.0"
"BOOKKEEPER","1","44.47","0.0","21.27","IBk","Oversampling","No selection","Sensitive learning","1.0","1.0","0.0","0.0","0.786364","1.0","0.571701","0.0"
"BOOKKEEPER","1","44.47","0.0","21.27","IBk","Oversampling","No selection","No cost sensitive","1.0","1.0","0.0","0.0","0.786364","1.0","0.557803","0.0"
"BOOKKEEPER","2","55.99","10.33","10.26","Random Forest","No sampling","Best First","Sensitive threshold","0.688172","0.5625","0.4375","0.311828","0.914286","0.688172","0.562836","0.0643"
"BOOKKEEPER","2","55.99","10.33","10.26","Random Forest","No sampling","Best First","Sensitive learning","0.964158","0.96875","0.03125","0.035842","0.896667","0.964158","0.596774","-0.006472"
"BOOKKEEPER","2","55.99","10.33","10.26","Random Forest","No sampling","Best First","No cost sensitive","0.97491","0.875","0.125","0.02509","0.906667","0.97491","0.695453","0.140816"
"BOOKKEEPER","2","55.99","10.33","10.26","Random Forest","No sampling","No selection","Sensitive threshold","0.688172","0.5625","0.4375","0.311828","0.914286","0.688172","0.562836","0.0643"
"BOOKKEEPER","2","55.99","10.33","10.26","Random Forest","No sampling","No selection","Sensitive learning","0.964158","0.96875","0.03125","0.035842","0.896667","0.964158","0.596774","-0.006472"
"BOOKKEEPER","2","55.99","10.33","10.26","Random Forest","No sampling","No selection","No cost sensitive","0.996416","0.96875","0.03125","0.003584","0.899676","0.996416","0.590782","0.047291"
"BOOKKEEPER","2","55.99","10.33","10.26","Random Forest","Undersampling","Best First","Sensitive threshold","0.605735","0.53125","0.46875","0.394265","0.908602","0.605735","0.537242","0.032576"
"BOOKKEEPER","2","55.99","10.33","10.26","Random Forest","Undersampling","Best First","Sensitive learning","0.9319","0.90625","0.09375","0.0681","0.899654","0.9319","0.56866","0.029767"
"BOOKKEEPER","2","55.99","10.33","10.26","Random Forest","Undersampling","Best First","No cost sensitive","0.770609","0.5","0.5","0.229391","0.930736","0.770609","0.640849","0.162628"
"BOOKKEEPER","2","55.99","10.33","10.26","Random Forest","Undersampling","No selection","Sensitive threshold","0.605735","0.53125","0.46875","0.394265","0.908602","0.605735","0.537242","0.032576"
"BOOKKEEPER","2","55.99","10.33","10.26","Random Forest","Undersampling","No selection","Sensitive learning","0.9319","0.90625","0.09375","0.0681","0.899654","0.9319","0.56866","0.029767"
"BOOKKEEPER","2","55.99","10.33","10.26","Random Forest","Undersampling","No selection","No cost sensitive","0.996416","0.96875","0.03125","0.003584","0.899676","0.996416","0.622872","0.047291"
"BOOKKEEPER","2","55.99","10.33","10.26","Random Forest","Oversampling","Best First","Sensitive threshold","0.695341","0.59375","0.40625","0.304659","0.910798","0.695341","0.550795","0.053106"
"BOOKKEEPER","2","55.99","10.33","10.26","Random Forest","Oversampling","Best First","Sensitive learning","0.928315","0.875","0.125","0.071685","0.902439","0.928315","0.585405","0.05995"
"BOOKKEEPER","2","55.99","10.33","10.26","Random Forest","Oversampling","Best First","No cost sensitive","0.878136","0.71875","0.28125","0.121864","0.914179","0.878136","0.662802","0.138337"
"BOOKKEEPER","2","55.99","10.33","10.26","Random Forest","Oversampling","No selection","Sensitive threshold","0.695341","0.59375","0.40625","0.304659","0.910798","0.695341","0.550795","0.053106"
"BOOKKEEPER","2","55.99","10.33","10.26","Random Forest","Oversampling","No selection","Sensitive learning","0.928315","0.875","0.125","0.071685","0.902439","0.928315","0.585405","0.05995"
"BOOKKEEPER","2","55.99","10.33","10.26","Random Forest","Oversampling","No selection","No cost sensitive","0.996416","0.96875","0.03125","0.003584","0.899676","0.996416","0.622872","0.047291"
"BOOKKEEPER","2","55.99","10.33","10.26","Naive Bayes","No sampling","Best First","Sensitive threshold","0.132616","0.40625","0.59375","0.867384","0.74","0.132616","0.363183","-0.065655"
"BOOKKEEPER","2","55.99","10.33","10.26","Naive Bayes","No sampling","Best First","Sensitive learning","0.136201","0.4375","0.5625","0.863799","0.730769","0.136201","0.361335","-0.072776"
"BOOKKEEPER","2","55.99","10.33","10.26","Naive Bayes","No sampling","Best First","No cost sensitive","1.0","1.0","0.0","0.0","0.897106","1.0","0.684644","0.0"
"BOOKKEEPER","2","55.99","10.33","10.26","Naive Bayes","No sampling","No selection","Sensitive threshold","0.132616","0.40625","0.59375","0.867384","0.74","0.132616","0.363183","-0.065655"
"BOOKKEEPER","2","55.99","10.33","10.26","Naive Bayes","No sampling","No selection","Sensitive learning","0.136201","0.4375","0.5625","0.863799","0.730769","0.136201","0.361335","-0.072776"
"BOOKKEEPER","2","55.99","10.33","10.26","Naive Bayes","No sampling","No selection","No cost sensitive","0.143369","0.46875","0.53125","0.856631","0.727273","0.143369","0.361335","-0.079389"
"BOOKKEEPER","2","55.99","10.33","10.26","Naive Bayes","Undersampling","Best First","Sensitive threshold","0.136201","0.46875","0.53125","0.863799","0.716981","0.136201","0.333725","-0.080594"
"BOOKKEEPER","2","55.99","10.33","10.26","Naive Bayes","Undersampling","Best First","Sensitive learning","0.139785","0.46875","0.53125","0.860215","0.722222","0.139785","0.352767","-0.079993"
"BOOKKEEPER","2","55.99","10.33","10.26","Naive Bayes","Undersampling","Best First","No cost sensitive","0.910394","0.75","0.25","0.089606","0.913669","0.910394","0.677643","0.158206"
"BOOKKEEPER","2","55.99","10.33","10.26","Naive Bayes","Undersampling","No selection","Sensitive threshold","0.136201","0.46875","0.53125","0.863799","0.716981","0.136201","0.333725","-0.080594"
"BOOKKEEPER","2","55.99","10.33","10.26","Naive Bayes","Undersampling","No selection","Sensitive learning","0.139785","0.46875","0.53125","0.860215","0.722222","0.139785","0.352767","-0.079993"
"BOOKKEEPER","2","55.99","10.33","10.26","Naive Bayes","Undersampling","No selection","No cost sensitive","0.143369","0.46875","0.53125","0.856631","0.727273","0.143369","0.361335","-0.079389"
"BOOKKEEPER","2","55.99","10.33","10.26","Naive Bayes","Oversampling","Best First","Sensitive threshold","0.387097","0.65625","0.34375","0.612903","0.837209","0.387097","0.365423","-0.087531"
"BOOKKEEPER","2","55.99","10.33","10.26","Naive Bayes","Oversampling","Best First","Sensitive learning","0.774194","0.75","0.25","0.225806","0.9","0.774194","0.346942","0.015715"
"BOOKKEEPER","2","55.99","10.33","10.26","Naive Bayes","Oversampling","Best First","No cost sensitive","0.455197","0.21875","0.78125","0.544803","0.947761","0.455197","0.636201","0.078664"
"BOOKKEEPER","2","55.99","10.33","10.26","Naive Bayes","Oversampling","No selection","Sensitive threshold","0.387097","0.65625","0.34375","0.612903","0.837209","0.387097","0.365423","-0.087531"
"BOOKKEEPER","2","55.99","10.33","10.26","Naive Bayes","Oversampling","No selection","Sensitive learning","0.774194","0.75","0.25","0.225806","0.9","0.774194","0.346942","0.015715"
"BOOKKEEPER","2","55.99","10.33","10.26","Naive Bayes","Oversampling","No selection","No cost sensitive","0.143369","0.46875","0.53125","0.856631","0.727273","0.143369","0.361335","-0.079389"
"BOOKKEEPER","2","55.99","10.33","10.26","IBk","No sampling","Best First","Sensitive threshold","0.985663","0.96875","0.03125","0.014337","0.898693","0.985663","0.508457","0.026996"
"BOOKKEEPER","2","55.99","10.33","10.26","IBk","No sampling","Best First","Sensitive learning","0.985663","0.96875","0.03125","0.014337","0.898693","0.985663","0.629424","0.026996"
"BOOKKEEPER","2","55.99","10.33","10.26","IBk","No sampling","Best First","No cost sensitive","0.971326","0.875","0.125","0.028674","0.906355","0.971326","0.651546","0.133168"
"BOOKKEEPER","2","55.99","10.33","10.26","IBk","No sampling","No selection","Sensitive threshold","0.985663","0.96875","0.03125","0.014337","0.898693","0.985663","0.508457","0.026996"
"BOOKKEEPER","2","55.99","10.33","10.26","IBk","No sampling","No selection","Sensitive learning","0.985663","0.96875","0.03125","0.014337","0.898693","0.985663","0.629424","0.026996"
"BOOKKEEPER","2","55.99","10.33","10.26","IBk","No sampling","No selection","No cost sensitive","0.992832","0.96875","0.03125","0.007168","0.899351","0.992832","0.629424","0.040213"
"BOOKKEEPER","2","55.99","10.33","10.26","IBk","Undersampling","Best First","Sensitive threshold","0.928315","0.90625","0.09375","0.071685","0.899306","0.928315","0.511033","0.025203"
"BOOKKEEPER","2","55.99","10.33","10.26","IBk","Undersampling","Best First","Sensitive learning","0.928315","0.90625","0.09375","0.071685","0.899306","0.928315","0.490423","0.025203"
"BOOKKEEPER","2","55.99","10.33","10.26","IBk","Undersampling","Best First","No cost sensitive","0.734767","0.65625","0.34375","0.265233","0.90708","0.734767","0.564068","0.045303"
"BOOKKEEPER","2","55.99","10.33","10.26","IBk","Undersampling","No selection","Sensitive threshold","0.928315","0.90625","0.09375","0.071685","0.899306","0.928315","0.511033","0.025203"
"BOOKKEEPER","2","55.99","10.33","10.26","IBk","Undersampling","No selection","Sensitive learning","0.928315","0.90625","0.09375","0.071685","0.899306","0.928315","0.490423","0.025203"
"BOOKKEEPER","2","55.99","10.33","10.26","IBk","Undersampling","No selection","No cost sensitive","0.992832","0.96875","0.03125","0.007168","0.899351","0.992832","0.629424","0.040213"
"BOOKKEEPER","2","55.99","10.33","10.26","IBk","Oversampling","Best First","Sensitive threshold","0.935484","0.875","0.125","0.064516","0.903114","0.935484","0.530242","0.070194"
"BOOKKEEPER","2","55.99","10.33","10.26","IBk","Oversampling","Best First","Sensitive learning","0.935484","0.875","0.125","0.064516","0.903114","0.935484","0.514113","0.070194"
"BOOKKEEPER","2","55.99","10.33","10.26","IBk","Oversampling","Best First","No cost sensitive","0.924731","0.875","0.125","0.075269","0.902098","0.924731","0.503752","0.055063"
"BOOKKEEPER","2","55.99","10.33","10.26","IBk","Oversampling","No selection","Sensitive threshold","0.935484","0.875","0.125","0.064516","0.903114","0.935484","0.530242","0.070194"
"BOOKKEEPER","2","55.99","10.33","10.26","IBk","Oversampling","No selection","Sensitive learning","0.935484","0.875","0.125","0.064516","0.903114","0.935484","0.514113","0.070194"
"BOOKKEEPER","2","55.99","10.33","10.26","IBk","Oversampling","No selection","No cost sensitive","0.992832","0.96875","0.03125","0.007168","0.899351","0.992832","0.629424","0.040213"
"BOOKKEEPER","3","66.42","12.85","13.13","Random Forest","No sampling","Best First","Sensitive threshold","0.567742","0.489362","0.510638","0.432258","0.884422","0.567742","0.53919","0.039155"
"BOOKKEEPER","3","66.42","12.85","13.13","Random Forest","No sampling","Best First","Sensitive learning","0.909677","0.914894","0.085106","0.090323","0.867692","0.909677","0.578861","-0.006033"
"BOOKKEEPER","3","66.42","12.85","13.13","Random Forest","No sampling","Best First","No cost sensitive","0.970968","1.0","0.0","0.029032","0.864943","0.970968","0.700824","-0.044187"
"BOOKKEEPER","3","66.42","12.85","13.13","Random Forest","No sampling","No selection","Sensitive threshold","0.567742","0.489362","0.510638","0.432258","0.884422","0.567742","0.53919","0.039155"
"BOOKKEEPER","3","66.42","12.85","13.13","Random Forest","No sampling","No selection","Sensitive learning","0.909677","0.914894","0.085106","0.090323","0.867692","0.909677","0.578861","-0.006033"
"BOOKKEEPER","3","66.42","12.85","13.13","Random Forest","No sampling","No selection","No cost sensitive","0.96129","1.0","0.0","0.03871","0.863768","0.96129","0.633905","-0.056584"
"BOOKKEEPER","3","66.42","12.85","13.13","Random Forest","Undersampling","Best First","Sensitive threshold","0.541935","0.425532","0.574468","0.458065","0.893617","0.541935","0.558202","0.055401"
"BOOKKEEPER","3","66.42","12.85","13.13","Random Forest","Undersampling","Best First","Sensitive learning","0.854839","0.851064","0.148936","0.145161","0.868852","0.854839","0.610432","0.003612"
"BOOKKEEPER","3","66.42","12.85","13.13","Random Forest","Undersampling","Best First","No cost sensitive","0.690323","0.340426","0.659574","0.309677","0.930435","0.690323","0.714825","0.203189"
"BOOKKEEPER","3","66.42","12.85","13.13","Random Forest","Undersampling","No selection","Sensitive threshold","0.541935","0.425532","0.574468","0.458065","0.893617","0.541935","0.558202","0.055401"
"BOOKKEEPER","3","66.42","12.85","13.13","Random Forest","Undersampling","No selection","Sensitive learning","0.854839","0.851064","0.148936","0.145161","0.868852","0.854839","0.610432","0.003612"
"BOOKKEEPER","3","66.42","12.85","13.13","Random Forest","Undersampling","No selection","No cost sensitive","0.964516","1.0","0.0","0.035484","0.864162","0.964516","0.612663","-0.052562"
"BOOKKEEPER","3","66.42","12.85","13.13","Random Forest","Oversampling","Best First","Sensitive threshold","0.516129","0.319149","0.680851","0.483871","0.914286","0.516129","0.59849","0.088793"
"BOOKKEEPER","3","66.42","12.85","13.13","Random Forest","Oversampling","Best First","Sensitive learning","0.851613","0.914894","0.085106","0.148387","0.859935","0.851613","0.583974","-0.061612"
"BOOKKEEPER","3","66.42","12.85","13.13","Random Forest","Oversampling","Best First","No cost sensitive","0.883871","0.851064","0.148936","0.116129","0.872611","0.883871","0.667159","0.034036"
"BOOKKEEPER","3","66.42","12.85","13.13","Random Forest","Oversampling","No selection","Sensitive threshold","0.516129","0.319149","0.680851","0.483871","0.914286","0.516129","0.59849","0.088793"
"BOOKKEEPER","3","66.42","12.85","13.13","Random Forest","Oversampling","No selection","Sensitive learning","0.851613","0.914894","0.085106","0.148387","0.859935","0.851613","0.583974","-0.061612"
"BOOKKEEPER","3","66.42","12.85","13.13","Random Forest","Oversampling","No selection","No cost sensitive","0.964516","1.0","0.0","0.035484","0.864162","0.964516","0.612663","-0.052562"
"BOOKKEEPER","3","66.42","12.85","13.13","Naive Bayes","No sampling","Best First","Sensitive threshold","0.916129","0.617021","0.382979","0.083871","0.907348","0.916129","0.649554","0.307432"
"BOOKKEEPER","3","66.42","12.85","13.13","Naive Bayes","No sampling","Best First","Sensitive learning","0.929032","0.702128","0.297872","0.070968","0.897196","0.929032","0.783905","0.251915"
"BOOKKEEPER","3","66.42","12.85","13.13","Naive Bayes","No sampling","Best First","No cost sensitive","0.977419","1.0","0.0","0.022581","0.865714","0.977419","0.717605","-0.035338"
"BOOKKEEPER","3","66.42","12.85","13.13","Naive Bayes","No sampling","No selection","Sensitive threshold","0.916129","0.617021","0.382979","0.083871","0.907348","0.916129","0.649554","0.307432"
"BOOKKEEPER","3","66.42","12.85","13.13","Naive Bayes","No sampling","No selection","Sensitive learning","0.929032","0.702128","0.297872","0.070968","0.897196","0.929032","0.783905","0.251915"
"BOOKKEEPER","3","66.42","12.85","13.13","Naive Bayes","No sampling","No selection","No cost sensitive","0.948387","0.787234","0.212766","0.051613","0.888218","0.948387","0.783905","0.19884"
"BOOKKEEPER","3","66.42","12.85","13.13","Naive Bayes","Undersampling","Best First","Sensitive threshold","0.887097","0.574468","0.425532","0.112903","0.910596","0.887097","0.656314","0.291576"
"BOOKKEEPER","3","66.42","12.85","13.13","Naive Bayes","Undersampling","Best First","Sensitive learning","0.903226","0.617021","0.382979","0.096774","0.906149","0.903226","0.753638","0.283645"
"BOOKKEEPER","3","66.42","12.85","13.13","Naive Bayes","Undersampling","Best First","No cost sensitive","0.974194","0.93617","0.06383","0.025806","0.872832","0.974194","0.742896","0.056324"
"BOOKKEEPER","3","66.42","12.85","13.13","Naive Bayes","Undersampling","No selection","Sensitive threshold","0.887097","0.574468","0.425532","0.112903","0.910596","0.887097","0.656314","0.291576"
"BOOKKEEPER","3","66.42","12.85","13.13","Naive Bayes","Undersampling","No selection","Sensitive learning","0.903226","0.617021","0.382979","0.096774","0.906149","0.903226","0.753638","0.283645"
"BOOKKEEPER","3","66.42","12.85","13.13","Naive Bayes","Undersampling","No selection","No cost sensitive","0.948387","0.787234","0.212766","0.051613","0.888218","0.948387","0.783905","0.19884"
"BOOKKEEPER","3","66.42","12.85","13.13","Naive Bayes","Oversampling","Best First","Sensitive threshold","0.874194","0.553191","0.446809","0.125806","0.912458","0.874194","0.660501","0.287294"
"BOOKKEEPER","3","66.42","12.85","13.13","Naive Bayes","Oversampling","Best First","Sensitive learning","0.9","0.595745","0.404255","0.1","0.908795","0.9","0.76081","0.296234"
"BOOKKEEPER","3","66.42","12.85","13.13","Naive Bayes","Oversampling","Best First","No cost sensitive","0.970968","0.957447","0.042553","0.029032","0.869942","0.970968","0.706005","0.020028"
"BOOKKEEPER","3","66.42","12.85","13.13","Naive Bayes","Oversampling","No selection","Sensitive threshold","0.874194","0.553191","0.446809","0.125806","0.912458","0.874194","0.660501","0.287294"
"BOOKKEEPER","3","66.42","12.85","13.13","Naive Bayes","Oversampling","No selection","Sensitive learning","0.9","0.595745","0.404255","0.1","0.908795","0.9","0.76081","0.296234"
"BOOKKEEPER","3","66.42","12.85","13.13","Naive Bayes","Oversampling","No selection","No cost sensitive","0.948387","0.787234","0.212766","0.051613","0.888218","0.948387","0.783905","0.19884"
"BOOKKEEPER","3","66.42","12.85","13.13","IBk","No sampling","Best First","Sensitive threshold","0.935484","0.93617","0.06383","0.064516","0.868263","0.935484","0.499657","-8.76E-4"
"BOOKKEEPER","3","66.42","12.85","13.13","IBk","No sampling","Best First","Sensitive learning","0.935484","0.93617","0.06383","0.064516","0.868263","0.935484","0.655079","-8.76E-4"
"BOOKKEEPER","3","66.42","12.85","13.13","IBk","No sampling","Best First","No cost sensitive","0.954839","0.93617","0.06383","0.045161","0.870588","0.954839","0.65731","0.0256"
"BOOKKEEPER","3","66.42","12.85","13.13","IBk","No sampling","No selection","Sensitive threshold","0.935484","0.93617","0.06383","0.064516","0.868263","0.935484","0.499657","-8.76E-4"
"BOOKKEEPER","3","66.42","12.85","13.13","IBk","No sampling","No selection","Sensitive learning","0.935484","0.93617","0.06383","0.064516","0.868263","0.935484","0.655079","-8.76E-4"
"BOOKKEEPER","3","66.42","12.85","13.13","IBk","No sampling","No selection","No cost sensitive","0.954839","0.957447","0.042553","0.045161","0.868035","0.954839","0.655079","-0.003621"
"BOOKKEEPER","3","66.42","12.85","13.13","IBk","Undersampling","Best First","Sensitive threshold","0.841935","0.87234","0.12766","0.158065","0.864238","0.841935","0.484798","-0.028357"
"BOOKKEEPER","3","66.42","12.85","13.13","IBk","Undersampling","Best First","Sensitive learning","0.858065","0.87234","0.12766","0.141935","0.86645","0.858065","0.558785","-0.0139"
"BOOKKEEPER","3","66.42","12.85","13.13","IBk","Undersampling","Best First","No cost sensitive","0.680645","0.510638","0.489362","0.319355","0.897872","0.680645","0.602196","0.101381"
"BOOKKEEPER","3","66.42","12.85","13.13","IBk","Undersampling","No selection","Sensitive threshold","0.841935","0.87234","0.12766","0.158065","0.864238","0.841935","0.484798","-0.028357"
"BOOKKEEPER","3","66.42","12.85","13.13","IBk","Undersampling","No selection","Sensitive learning","0.858065","0.87234","0.12766","0.141935","0.86645","0.858065","0.558785","-0.0139"
"BOOKKEEPER","3","66.42","12.85","13.13","IBk","Undersampling","No selection","No cost sensitive","0.954839","0.957447","0.042553","0.045161","0.868035","0.954839","0.655079","-0.003621"
"BOOKKEEPER","3","66.42","12.85","13.13","IBk","Oversampling","Best First","Sensitive threshold","0.783871","0.765957","0.234043","0.216129","0.870968","0.783871","0.508957","0.013997"
"BOOKKEEPER","3","66.42","12.85","13.13","IBk","Oversampling","Best First","Sensitive learning","0.8","0.765957","0.234043","0.2","0.873239","0.8","0.629204","0.027572"
"BOOKKEEPER","3","66.42","12.85","13.13","IBk","Oversampling","Best First","No cost sensitive","0.893548","0.787234","0.212766","0.106452","0.882166","0.893548","0.623095","0.110296"
"BOOKKEEPER","3","66.42","12.85","13.13","IBk","Oversampling","No selection","Sensitive threshold","0.783871","0.765957","0.234043","0.216129","0.870968","0.783871","0.508957","0.013997"
"BOOKKEEPER","3","66.42","12.85","13.13","IBk","Oversampling","No selection","Sensitive learning","0.8","0.765957","0.234043","0.2","0.873239","0.8","0.629204","0.027572"
"BOOKKEEPER","3","66.42","12.85","13.13","IBk","Oversampling","No selection","No cost sensitive","0.954839","0.957447","0.042553","0.045161","0.868035","0.954839","0.655079","-0.003621"
"BOOKKEEPER","4","73.8","8.92","7.94","Random Forest","No sampling","Best First","Sensitive threshold","0.809798","0.833333","0.166667","0.190202","0.918301","0.809798","0.488232","-0.01449"
"BOOKKEEPER","4","73.8","8.92","7.94","Random Forest","No sampling","Best First","Sensitive learning","0.9683","1.0","0.0","0.0317","0.918033","0.9683","0.54414","-0.044604"
"BOOKKEEPER","4","73.8","8.92","7.94","Random Forest","No sampling","Best First","No cost sensitive","0.994236","1.0","0.0","0.005764","0.92","0.994236","0.671758","-0.010047"
"BOOKKEEPER","4","73.8","8.92","7.94","Random Forest","No sampling","No selection","Sensitive threshold","0.809798","0.833333","0.166667","0.190202","0.918301","0.809798","0.488232","-0.01449"
"BOOKKEEPER","4","73.8","8.92","7.94","Random Forest","No sampling","No selection","Sensitive learning","0.9683","1.0","0.0","0.0317","0.918033","0.9683","0.54414","-0.044604"
"BOOKKEEPER","4","73.8","8.92","7.94","Random Forest","No sampling","No selection","No cost sensitive","0.994236","1.0","0.0","0.005764","0.92","0.994236","0.619693","-0.010047"
"BOOKKEEPER","4","73.8","8.92","7.94","Random Forest","Undersampling","Best First","Sensitive threshold","0.717579","0.633333","0.366667","0.282421","0.929104","0.717579","0.542123","0.038244"
"BOOKKEEPER","4","73.8","8.92","7.94","Random Forest","Undersampling","Best First","Sensitive learning","0.925072","1.0","0.0","0.074928","0.91453","0.925072","0.564457","-0.079787"
"BOOKKEEPER","4","73.8","8.92","7.94","Random Forest","Undersampling","Best First","No cost sensitive","0.752161","0.5","0.5","0.247839","0.945652","0.752161","0.730115","0.121172"
"BOOKKEEPER","4","73.8","8.92","7.94","Random Forest","Undersampling","No selection","Sensitive threshold","0.717579","0.633333","0.366667","0.282421","0.929104","0.717579","0.542123","0.038244"
"BOOKKEEPER","4","73.8","8.92","7.94","Random Forest","Undersampling","No selection","Sensitive learning","0.925072","1.0","0.0","0.074928","0.91453","0.925072","0.564457","-0.079787"
"BOOKKEEPER","4","73.8","8.92","7.94","Random Forest","Undersampling","No selection","No cost sensitive","0.994236","1.0","0.0","0.005764","0.92","0.994236","0.607349","-0.010047"
"BOOKKEEPER","4","73.8","8.92","7.94","Random Forest","Oversampling","Best First","Sensitive threshold","0.714697","0.733333","0.266667","0.285303","0.918519","0.714697","0.490682","-0.008579"
"BOOKKEEPER","4","73.8","8.92","7.94","Random Forest","Oversampling","Best First","Sensitive learning","0.902017","1.0","0.0","0.097983","0.912536","0.902017","0.562008","-0.092358"
"BOOKKEEPER","4","73.8","8.92","7.94","Random Forest","Oversampling","Best First","No cost sensitive","0.95389","0.933333","0.066667","0.04611","0.922006","0.95389","0.68367","0.025153"
"BOOKKEEPER","4","73.8","8.92","7.94","Random Forest","Oversampling","No selection","Sensitive threshold","0.714697","0.733333","0.266667","0.285303","0.918519","0.714697","0.490682","-0.008579"
"BOOKKEEPER","4","73.8","8.92","7.94","Random Forest","Oversampling","No selection","Sensitive learning","0.902017","1.0","0.0","0.097983","0.912536","0.902017","0.562008","-0.092358"
"BOOKKEEPER","4","73.8","8.92","7.94","Random Forest","Oversampling","No selection","No cost sensitive","0.994236","1.0","0.0","0.005764","0.92","0.994236","0.607349","-0.010047"
"BOOKKEEPER","4","73.8","8.92","7.94","Naive Bayes","No sampling","Best First","Sensitive threshold","0.913545","0.9","0.1","0.086455","0.921512","0.913545","0.506772","0.012953"
"BOOKKEEPER","4","73.8","8.92","7.94","Naive Bayes","No sampling","Best First","Sensitive learning","0.956772","1.0","0.0","0.043228","0.917127","0.956772","0.638569","-0.056022"
"BOOKKEEPER","4","73.8","8.92","7.94","Naive Bayes","No sampling","Best First","No cost sensitive","0.988473","1.0","0.0","0.011527","0.919571","0.988473","0.697646","-0.019081"
"BOOKKEEPER","4","73.8","8.92","7.94","Naive Bayes","No sampling","No selection","Sensitive threshold","0.913545","0.9","0.1","0.086455","0.921512","0.913545","0.506772","0.012953"
"BOOKKEEPER","4","73.8","8.92","7.94","Naive Bayes","No sampling","No selection","Sensitive learning","0.956772","1.0","0.0","0.043228","0.917127","0.956772","0.638569","-0.056022"
"BOOKKEEPER","4","73.8","8.92","7.94","Naive Bayes","No sampling","No selection","No cost sensitive","0.9683","1.0","0.0","0.0317","0.918033","0.9683","0.638569","-0.044604"
"BOOKKEEPER","4","73.8","8.92","7.94","Naive Bayes","Undersampling","Best First","Sensitive threshold","0.043228","0.366667","0.633333","0.956772","0.576923","0.043228","0.33828","-0.054937"
"BOOKKEEPER","4","73.8","8.92","7.94","Naive Bayes","Undersampling","Best First","Sensitive learning","0.688761","0.666667","0.333333","0.311239","0.92278","0.688761","0.407012","0.009442"
"BOOKKEEPER","4","73.8","8.92","7.94","Naive Bayes","Undersampling","Best First","No cost sensitive","0.959654","0.866667","0.133333","0.040346","0.927577","0.959654","0.664025","0.113775"
"BOOKKEEPER","4","73.8","8.92","7.94","Naive Bayes","Undersampling","No selection","Sensitive threshold","0.043228","0.366667","0.633333","0.956772","0.576923","0.043228","0.33828","-0.054937"
"BOOKKEEPER","4","73.8","8.92","7.94","Naive Bayes","Undersampling","No selection","Sensitive learning","0.688761","0.666667","0.333333","0.311239","0.92278","0.688761","0.407012","0.009442"
"BOOKKEEPER","4","73.8","8.92","7.94","Naive Bayes","Undersampling","No selection","No cost sensitive","0.9683","1.0","0.0","0.0317","0.918033","0.9683","0.638569","-0.044604"
"BOOKKEEPER","4","73.8","8.92","7.94","Naive Bayes","Oversampling","Best First","Sensitive threshold","0.158501","0.4","0.6","0.841499","0.820896","0.158501","0.379251","-0.045884"
"BOOKKEEPER","4","73.8","8.92","7.94","Naive Bayes","Oversampling","Best First","Sensitive learning","0.945245","1.0","0.0","0.054755","0.916201","0.945245","0.390874","-0.06577"
"BOOKKEEPER","4","73.8","8.92","7.94","Naive Bayes","Oversampling","Best First","No cost sensitive","0.979827","0.966667","0.033333","0.020173","0.921409","0.979827","0.720461","0.019789"
"BOOKKEEPER","4","73.8","8.92","7.94","Naive Bayes","Oversampling","No selection","Sensitive threshold","0.158501","0.4","0.6","0.841499","0.820896","0.158501","0.379251","-0.045884"
"BOOKKEEPER","4","73.8","8.92","7.94","Naive Bayes","Oversampling","No selection","Sensitive learning","0.945245","1.0","0.0","0.054755","0.916201","0.945245","0.390874","-0.06577"
"BOOKKEEPER","4","73.8","8.92","7.94","Naive Bayes","Oversampling","No selection","No cost sensitive","0.9683","1.0","0.0","0.0317","0.918033","0.9683","0.638569","-0.044604"
"BOOKKEEPER","4","73.8","8.92","7.94","IBk","No sampling","Best First","Sensitive threshold","0.9683","1.0","0.0","0.0317","0.918033","0.9683","0.48415","-0.044604"
"BOOKKEEPER","4","73.8","8.92","7.94","IBk","No sampling","Best First","Sensitive learning","0.9683","1.0","0.0","0.0317","0.918033","0.9683","0.751297","-0.044604"
"BOOKKEEPER","4","73.8","8.92","7.94","IBk","No sampling","Best First","No cost sensitive","0.991354","1.0","0.0","0.008646","0.919786","0.991354","0.698991","-0.014681"
"BOOKKEEPER","4","73.8","8.92","7.94","IBk","No sampling","No selection","Sensitive threshold","0.9683","1.0","0.0","0.0317","0.918033","0.9683","0.48415","-0.044604"
"BOOKKEEPER","4","73.8","8.92","7.94","IBk","No sampling","No selection","Sensitive learning","0.9683","1.0","0.0","0.0317","0.918033","0.9683","0.751297","-0.044604"
"BOOKKEEPER","4","73.8","8.92","7.94","IBk","No sampling","No selection","No cost sensitive","0.985591","1.0","0.0","0.014409","0.919355","0.985591","0.751297","-0.023265"
"BOOKKEEPER","4","73.8","8.92","7.94","IBk","Undersampling","Best First","Sensitive threshold","0.902017","0.966667","0.033333","0.097983","0.915205","0.902017","0.467675","-0.060076"
"BOOKKEEPER","4","73.8","8.92","7.94","IBk","Undersampling","Best First","Sensitive learning","0.904899","0.966667","0.033333","0.095101","0.915452","0.904899","0.593036","-0.058222"
"BOOKKEEPER","4","73.8","8.92","7.94","IBk","Undersampling","Best First","No cost sensitive","0.706052","0.5","0.5","0.293948","0.942308","0.706052","0.637608","0.088638"
"BOOKKEEPER","4","73.8","8.92","7.94","IBk","Undersampling","No selection","Sensitive threshold","0.902017","0.966667","0.033333","0.097983","0.915205","0.902017","0.467675","-0.060076"
"BOOKKEEPER","4","73.8","8.92","7.94","IBk","Undersampling","No selection","Sensitive learning","0.904899","0.966667","0.033333","0.095101","0.915452","0.904899","0.593036","-0.058222"
"BOOKKEEPER","4","73.8","8.92","7.94","IBk","Undersampling","No selection","No cost sensitive","0.985591","1.0","0.0","0.014409","0.919355","0.985591","0.751297","-0.023265"
"BOOKKEEPER","4","73.8","8.92","7.94","IBk","Oversampling","Best First","Sensitive threshold","0.873199","0.866667","0.133333","0.126801","0.920973","0.873199","0.503266","0.005127"
"BOOKKEEPER","4","73.8","8.92","7.94","IBk","Oversampling","Best First","Sensitive learning","0.881844","0.866667","0.133333","0.118156","0.921687","0.881844","0.561768","0.012356"
"BOOKKEEPER","4","73.8","8.92","7.94","IBk","Oversampling","Best First","No cost sensitive","0.951009","0.966667","0.033333","0.048991","0.91922","0.951009","0.557349","-0.019158"
"BOOKKEEPER","4","73.8","8.92","7.94","IBk","Oversampling","No selection","Sensitive threshold","0.873199","0.866667","0.133333","0.126801","0.920973","0.873199","0.503266","0.005127"
"BOOKKEEPER","4","73.8","8.92","7.94","IBk","Oversampling","No selection","Sensitive learning","0.881844","0.866667","0.133333","0.118156","0.921687","0.881844","0.561768","0.012356"
"BOOKKEEPER","4","73.8","8.92","7.94","IBk","Oversampling","No selection","No cost sensitive","0.985591","1.0","0.0","0.014409","0.919355","0.985591","0.751297","-0.023265"
"BOOKKEEPER","5","77.78","8.95","3.4","Random Forest","No sampling","Best First","Sensitive threshold","0.811083","0.642857","0.357143","0.188917","0.97281","0.811083","0.584113","0.051382"
"BOOKKEEPER","5","77.78","8.95","3.4","Random Forest","No sampling","Best First","Sensitive learning","0.972292","1.0","0.0","0.027708","0.965","0.972292","0.691616","-0.030902"
"BOOKKEEPER","5","77.78","8.95","3.4","Random Forest","No sampling","Best First","No cost sensitive","0.997481","1.0","0.0","0.002519","0.965854","0.997481","0.703401","-0.004562"
"BOOKKEEPER","5","77.78","8.95","3.4","Random Forest","No sampling","No selection","Sensitive threshold","0.811083","0.642857","0.357143","0.188917","0.97281","0.811083","0.584113","0.051382"
"BOOKKEEPER","5","77.78","8.95","3.4","Random Forest","No sampling","No selection","Sensitive learning","0.972292","1.0","0.0","0.027708","0.965","0.972292","0.691616","-0.030902"
"BOOKKEEPER","5","77.78","8.95","3.4","Random Forest","No sampling","No selection","No cost sensitive","0.997481","1.0","0.0","0.002519","0.965854","0.997481","0.720943","-0.004562"
"BOOKKEEPER","5","77.78","8.95","3.4","Random Forest","Undersampling","Best First","Sensitive threshold","0.735516","0.571429","0.428571","0.264484","0.973333","0.735516","0.582044","0.03779"
"BOOKKEEPER","5","77.78","8.95","3.4","Random Forest","Undersampling","Best First","Sensitive learning","0.957179","0.928571","0.071429","0.042821","0.966921","0.957179","0.670475","0.025142"
"BOOKKEEPER","5","77.78","8.95","3.4","Random Forest","Undersampling","Best First","No cost sensitive","0.743073","0.428571","0.571429","0.256927","0.980066","0.743073","0.678212","0.07301"
"BOOKKEEPER","5","77.78","8.95","3.4","Random Forest","Undersampling","No selection","Sensitive threshold","0.735516","0.571429","0.428571","0.264484","0.973333","0.735516","0.582044","0.03779"
"BOOKKEEPER","5","77.78","8.95","3.4","Random Forest","Undersampling","No selection","Sensitive learning","0.957179","0.928571","0.071429","0.042821","0.966921","0.957179","0.670475","0.025142"
"BOOKKEEPER","5","77.78","8.95","3.4","Random Forest","Undersampling","No selection","No cost sensitive","0.997481","1.0","0.0","0.002519","0.965854","0.997481","0.768802","-0.004562"
"BOOKKEEPER","5","77.78","8.95","3.4","Random Forest","Oversampling","Best First","Sensitive threshold","0.735516","0.785714","0.214286","0.264484","0.963696","0.735516","0.474901","-0.011843"
"BOOKKEEPER","5","77.78","8.95","3.4","Random Forest","Oversampling","Best First","Sensitive learning","0.934509","1.0","0.0","0.065491","0.963636","0.934509","0.561803","-0.046334"
"BOOKKEEPER","5","77.78","8.95","3.4","Random Forest","Oversampling","Best First","No cost sensitive","0.952141","1.0","0.0","0.047859","0.964286","0.952141","0.724541","-0.040826"
"BOOKKEEPER","5","77.78","8.95","3.4","Random Forest","Oversampling","No selection","Sensitive threshold","0.735516","0.785714","0.214286","0.264484","0.963696","0.735516","0.474901","-0.011843"
"BOOKKEEPER","5","77.78","8.95","3.4","Random Forest","Oversampling","No selection","Sensitive learning","0.934509","1.0","0.0","0.065491","0.963636","0.934509","0.561803","-0.046334"
"BOOKKEEPER","5","77.78","8.95","3.4","Random Forest","Oversampling","No selection","No cost sensitive","0.997481","1.0","0.0","0.002519","0.965854","0.997481","0.768802","-0.004562"
"BOOKKEEPER","5","77.78","8.95","3.4","Naive Bayes","No sampling","Best First","Sensitive threshold","0.856423","0.428571","0.571429","0.143577","0.982659","0.856423","0.713926","0.155176"
"BOOKKEEPER","5","77.78","8.95","3.4","Naive Bayes","No sampling","Best First","Sensitive learning","0.906801","0.5","0.5","0.093199","0.980926","0.906801","0.687028","0.200035"
"BOOKKEEPER","5","77.78","8.95","3.4","Naive Bayes","No sampling","Best First","No cost sensitive","0.959698","0.857143","0.142857","0.040302","0.969466","0.959698","0.644566","0.090133"
"BOOKKEEPER","5","77.78","8.95","3.4","Naive Bayes","No sampling","No selection","Sensitive threshold","0.856423","0.428571","0.571429","0.143577","0.982659","0.856423","0.713926","0.155176"
"BOOKKEEPER","5","77.78","8.95","3.4","Naive Bayes","No sampling","No selection","Sensitive learning","0.906801","0.5","0.5","0.093199","0.980926","0.906801","0.687028","0.200035"
"BOOKKEEPER","5","77.78","8.95","3.4","Naive Bayes","No sampling","No selection","No cost sensitive","0.934509","0.714286","0.285714","0.065491","0.973753","0.934509","0.687028","0.141962"
"BOOKKEEPER","5","77.78","8.95","3.4","Naive Bayes","Undersampling","Best First","Sensitive threshold","0.869018","0.5","0.5","0.130982","0.980114","0.869018","0.684509","0.144686"
"BOOKKEEPER","5","77.78","8.95","3.4","Naive Bayes","Undersampling","Best First","Sensitive learning","0.88665","0.571429","0.428571","0.11335","0.977778","0.88665","0.681","0.138569"
"BOOKKEEPER","5","77.78","8.95","3.4","Naive Bayes","Undersampling","Best First","No cost sensitive","0.788413","0.571429","0.428571","0.211587","0.975078","0.788413","0.589151","0.059964"
"BOOKKEEPER","5","77.78","8.95","3.4","Naive Bayes","Undersampling","No selection","Sensitive threshold","0.869018","0.5","0.5","0.130982","0.980114","0.869018","0.684509","0.144686"
"BOOKKEEPER","5","77.78","8.95","3.4","Naive Bayes","Undersampling","No selection","Sensitive learning","0.88665","0.571429","0.428571","0.11335","0.977778","0.88665","0.681","0.138569"
"BOOKKEEPER","5","77.78","8.95","3.4","Naive Bayes","Undersampling","No selection","No cost sensitive","0.934509","0.714286","0.285714","0.065491","0.973753","0.934509","0.687028","0.141962"
"BOOKKEEPER","5","77.78","8.95","3.4","Naive Bayes","Oversampling","Best First","Sensitive threshold","0.869018","0.571429","0.428571","0.130982","0.977337","0.869018","0.648795","0.118278"
"BOOKKEEPER","5","77.78","8.95","3.4","Naive Bayes","Oversampling","Best First","Sensitive learning","0.884131","0.642857","0.357143","0.115869","0.975","0.884131","0.676053","0.106062"
"BOOKKEEPER","5","77.78","8.95","3.4","Naive Bayes","Oversampling","Best First","No cost sensitive","0.939547","0.785714","0.214286","0.060453","0.971354","0.939547","0.637639","0.106244"
"BOOKKEEPER","5","77.78","8.95","3.4","Naive Bayes","Oversampling","No selection","Sensitive threshold","0.869018","0.571429","0.428571","0.130982","0.977337","0.869018","0.648795","0.118278"
"BOOKKEEPER","5","77.78","8.95","3.4","Naive Bayes","Oversampling","No selection","Sensitive learning","0.884131","0.642857","0.357143","0.115869","0.975","0.884131","0.676053","0.106062"
"BOOKKEEPER","5","77.78","8.95","3.4","Naive Bayes","Oversampling","No selection","No cost sensitive","0.934509","0.714286","0.285714","0.065491","0.973753","0.934509","0.687028","0.141962"
"BOOKKEEPER","5","77.78","8.95","3.4","IBk","No sampling","Best First","Sensitive threshold","0.967254","0.928571","0.071429","0.032746","0.967254","0.967254","0.519341","0.038683"
"BOOKKEEPER","5","77.78","8.95","3.4","IBk","No sampling","Best First","Sensitive learning","0.967254","0.928571","0.071429","0.032746","0.967254","0.967254","0.792101","0.038683"
"BOOKKEEPER","5","77.78","8.95","3.4","IBk","No sampling","Best First","No cost sensitive","0.987406","0.928571","0.071429","0.012594","0.967901","0.987406","0.790842","0.081222"
"BOOKKEEPER","5","77.78","8.95","3.4","IBk","No sampling","No selection","Sensitive threshold","0.967254","0.928571","0.071429","0.032746","0.967254","0.967254","0.519341","0.038683"
"BOOKKEEPER","5","77.78","8.95","3.4","IBk","No sampling","No selection","Sensitive learning","0.967254","0.928571","0.071429","0.032746","0.967254","0.967254","0.792101","0.038683"
"BOOKKEEPER","5","77.78","8.95","3.4","IBk","No sampling","No selection","No cost sensitive","0.987406","0.928571","0.071429","0.012594","0.967901","0.987406","0.792101","0.081222"
"BOOKKEEPER","5","77.78","8.95","3.4","IBk","Undersampling","Best First","Sensitive threshold","0.937028","0.928571","0.071429","0.062972","0.966234","0.937028","0.504228","0.005983"
"BOOKKEEPER","5","77.78","8.95","3.4","IBk","Undersampling","Best First","Sensitive learning","0.939547","0.928571","0.071429","0.060453","0.966321","0.939547","0.623696","0.007959"
"BOOKKEEPER","5","77.78","8.95","3.4","IBk","Undersampling","Best First","No cost sensitive","0.720403","0.428571","0.571429","0.279597","0.979452","0.720403","0.65941","0.063198"
"BOOKKEEPER","5","77.78","8.95","3.4","IBk","Undersampling","No selection","Sensitive threshold","0.937028","0.928571","0.071429","0.062972","0.966234","0.937028","0.504228","0.005983"
"BOOKKEEPER","5","77.78","8.95","3.4","IBk","Undersampling","No selection","Sensitive learning","0.939547","0.928571","0.071429","0.060453","0.966321","0.939547","0.623696","0.007959"
"BOOKKEEPER","5","77.78","8.95","3.4","IBk","Undersampling","No selection","No cost sensitive","0.987406","0.928571","0.071429","0.012594","0.967901","0.987406","0.792101","0.081222"
"BOOKKEEPER","5","77.78","8.95","3.4","IBk","Oversampling","Best First","Sensitive threshold","0.921914","0.928571","0.071429","0.078086","0.965699","0.921914","0.496671","-0.004109"
"BOOKKEEPER","5","77.78","8.95","3.4","IBk","Oversampling","Best First","Sensitive learning","0.921914","0.928571","0.071429","0.078086","0.965699","0.921914","0.548669","-0.004109"
"BOOKKEEPER","5","77.78","8.95","3.4","IBk","Oversampling","Best First","No cost sensitive","0.95466","0.928571","0.071429","0.04534","0.966837","0.95466","0.627564","0.022255"
"BOOKKEEPER","5","77.78","8.95","3.4","IBk","Oversampling","No selection","Sensitive threshold","0.921914","0.928571","0.071429","0.078086","0.965699","0.921914","0.496671","-0.004109"
"BOOKKEEPER","5","77.78","8.95","3.4","IBk","Oversampling","No selection","Sensitive learning","0.921914","0.928571","0.071429","0.078086","0.965699","0.921914","0.548669","-0.004109"
"BOOKKEEPER","5","77.78","8.95","3.4","IBk","Oversampling","No selection","No cost sensitive","0.987406","0.928571","0.071429","0.012594","0.967901","0.987406","0.792101","0.081222"
